Site,Parameter,Date (LT),Year,Month,Day,Hour,NowCast Conc.,AQI,AQI Category,Raw Conc.,Conc. Unit,Duration,QC Name
Jakarta Central,PM2.5 - Principal,2022-11-03 11:00 AM,2022,11,03,11,-999.0,-999,N/A,37.0,UG/M3,1 Hr,Valid
Jakarta Central,PM2.5 - Principal,2022-11-03 12:00 PM,2022,11,03,12,33.7,96,Moderate,31.0,UG/M3,1 Hr,Valid
Jakarta Central,PM2.5 - Principal,2022-11-03 01:00 PM,2022,11,03,13,33.0,95,Moderate,32.0,UG/M3,1 Hr,Valid
Jakarta Central,PM2.5 - Principal,2022-11-03 02:00 PM,2022,11,03,14,26.9,82,Moderate,21.0,UG/M3,1 Hr,Valid
Jakarta Central,PM2.5 - Principal,2022-11-03 03:00 PM,2022,11,03,15,25.6,79,Moderate,24.0,UG/M3,1 Hr,Valid
Jakarta Central,PM2.5 - Principal,2022-11-03 04:00 PM,2022,11,03,16,25.3,79,Moderate,25.0,UG/M3,1 Hr,Valid
Jakarta Central,PM2.5 - Principal,2022-11-03 05:00 PM,2022,11,03,17,19.4,66,Moderate,14.0,UG/M3,1 Hr,Valid
Jakarta Central,PM2.5 - Principal,2022-11-03 06:00 PM,2022,11,03,18,30.7,90,Moderate,42.0,UG/M3,1 Hr,Valid
Jakarta Central,PM2.5 - Principal,2022-11-03 07:00 PM,2022,11,03,19,38.9,109,Unhealthy for Sensitive Groups,47.0,UG/M3,1 Hr,Valid
Jakarta Central,PM2.5 - Principal,2022-11-03 08:00 PM,2022,11,03,20,42.9,119,Unhealthy for Sensitive Groups,47.0,UG/M3,1 Hr,Valid
Jakarta Central,PM2.5 - Principal,2022-11-03 09:00 PM,2022,11,03,21,38.4,108,Unhealthy for Sensitive Groups,34.0,UG/M3,1 Hr,Valid
Jakarta Central,PM2.5 - Principal,2022-11-03 10:00 PM,2022,11,03,22,39.7,111,Unhealthy for Sensitive Groups,41.0,UG/M3,1 Hr,Valid
Jakarta Central,PM2.5 - Principal,2022-11-03 11:00 PM,2022,11,03,23,39.3,110,Unhealthy for Sensitive Groups,39.0,UG/M3,1 Hr,Valid
Jakarta Central,PM2.5 - Principal,2022-11-04 12:00 AM,2022,11,04,00,41.6,116,Unhealthy for Sensitive Groups,44.0,UG/M3,1 Hr,Valid
Jakarta Central,PM2.5 - Principal,2022-11-04 01:00 AM,2022,11,04,01,40.3,113,Unhealthy for Sensitive Groups,39.0,UG/M3,1 Hr,Valid
Jakarta Central,PM2.5 - Principal,2022-11-04 02:00 AM,2022,11,04,02,56.1,151,Unhealthy,72.0,UG/M3,1 Hr,Valid
Jakarta Central,PM2.5 - Principal,2022-11-04 03:00 AM,2022,11,04,03,51.0,139,Unhealthy for Sensitive Groups,46.0,UG/M3,1 Hr,Valid
Jakarta Central,PM2.5 - Principal,2022-11-04 04:00 AM,2022,11,04,04,47.5,131,Unhealthy for Sensitive Groups,44.0,UG/M3,1 Hr,Valid
Jakarta Central,PM2.5 - Principal,2022-11-04 05:00 AM,2022,11,04,05,45.2,125,Unhealthy for Sensitive Groups,43.0,UG/M3,1 Hr,Valid
Jakarta Central,PM2.5 - Principal,2022-11-04 06:00 AM,2022,11,04,06,46.1,127,Unhealthy for Sensitive Groups,47.0,UG/M3,1 Hr,Valid
Jakarta Central,PM2.5 - Principal,2022-11-04 07:00 AM,2022,11,04,07,44.0,122,Unhealthy for Sensitive Groups,42.0,UG/M3,1 Hr,Valid
Jakarta Central,PM2.5 - Principal,2022-11-04 08:00 AM,2022,11,04,08,45.0,124,Unhealthy for Sensitive Groups,46.0,UG/M3,1 Hr,Valid
Jakarta Central,PM2.5 - Principal,2022-11-04 09:00 AM,2022,11,04,09,45.9,127,Unhealthy for Sensitive Groups,47.0,UG/M3,1 Hr,Valid
Jakarta Central,PM2.5 - Principal,2022-11-04 10:00 AM,2022,11,04,10,36.0,102,Unhealthy for Sensitive Groups,26.0,UG/M3,1 Hr,Valid
Jakarta Central,PM2.5 - Principal,2022-11-04 11:00 AM,2022,11,04,11,29.0,87,Moderate,22.0,UG/M3,1 Hr,Valid
Jakarta Central,PM2.5 - Principal,2022-11-04 12:00 PM,2022,11,04,12,33.0,95,Moderate,37.0,UG/M3,1 Hr,Valid
Jakarta Central,PM2.5 - Principal,2022-11-04 01:00 PM,2022,11,04,13,41.5,116,Unhealthy for Sensitive Groups,50.0,UG/M3,1 Hr,Valid
Jakarta Central,PM2.5 - Principal,2022-11-04 02:00 PM,2022,11,04,14,42.2,117,Unhealthy for Sensitive Groups,43.0,UG/M3,1 Hr,Valid
Jakarta Central,PM2.5 - Principal,2022-11-04 03:00 PM,2022,11,04,15,43.1,120,Unhealthy for Sensitive Groups,44.0,UG/M3,1 Hr,Valid
Jakarta Central,PM2.5 - Principal,2022-11-04 04:00 PM,2022,11,04,16,47.5,131,Unhealthy for Sensitive Groups,52.0,UG/M3,1 Hr,Valid
Jakarta Central,PM2.5 - Principal,2022-11-04 05:00 PM,2022,11,04,17,39.2,110,Unhealthy for Sensitive Groups,31.0,UG/M3,1 Hr,Valid
Jakarta Central,PM2.5 - Principal,2022-11-04 06:00 PM,2022,11,04,18,31.6,92,Moderate,24.0,UG/M3,1 Hr,Valid
Jakarta Central,PM2.5 - Principal,2022-11-04 07:00 PM,2022,11,04,19,32.8,95,Moderate,34.0,UG/M3,1 Hr,Valid
Jakarta Central,PM2.5 - Principal,2022-11-04 08:00 PM,2022,11,04,20,30.4,89,Moderate,28.0,UG/M3,1 Hr,Valid
Jakarta Central,PM2.5 - Principal,2022-11-04 09:00 PM,2022,11,04,21,29.2,87,Moderate,28.0,UG/M3,1 Hr,Valid
Jakarta Central,PM2.5 - Principal,2022-11-04 10:00 PM,2022,11,04,22,29.1,87,Moderate,29.0,UG/M3,1 Hr,Valid
Jakarta Central,PM2.5 - Principal,2022-11-04 11:00 PM,2022,11,04,23,22.5,73,Moderate,16.0,UG/M3,1 Hr,Valid
Jakarta Central,PM2.5 - Principal,2022-11-05 12:00 AM,2022,11,05,00,21.2,70,Moderate,20.0,UG/M3,1 Hr,Valid
Jakarta Central,PM2.5 - Principal,2022-11-05 01:00 AM,2022,11,05,01,23.6,75,Moderate,26.0,UG/M3,1 Hr,Valid
Jakarta Central,PM2.5 - Principal,2022-11-05 02:00 AM,2022,11,05,02,31.8,92,Moderate,40.0,UG/M3,1 Hr,Valid
Jakarta Central,PM2.5 - Principal,2022-11-05 03:00 AM,2022,11,05,03,31.9,93,Moderate,32.0,UG/M3,1 Hr,Valid
Jakarta Central,PM2.5 - Principal,2022-11-05 04:00 AM,2022,11,05,04,29.4,87,Moderate,27.0,UG/M3,1 Hr,Valid
Jakarta Central,PM2.5 - Principal,2022-11-05 05:00 AM,2022,11,05,05,29.2,87,Moderate,29.0,UG/M3,1 Hr,Valid
Jakarta Central,PM2.5 - Principal,2022-11-05 06:00 AM,2022,11,05,06,39.1,110,Unhealthy for Sensitive Groups,49.0,UG/M3,1 Hr,Valid
Jakarta Central,PM2.5 - Principal,2022-11-05 07:00 AM,2022,11,05,07,37.5,106,Unhealthy for Sensitive Groups,36.0,UG/M3,1 Hr,Valid
Jakarta Central,PM2.5 - Principal,2022-11-05 08:00 AM,2022,11,05,08,36.2,103,Unhealthy for Sensitive Groups,35.0,UG/M3,1 Hr,Valid
Jakarta Central,PM2.5 - Principal,2022-11-05 09:00 AM,2022,11,05,09,36.6,104,Unhealthy for Sensitive Groups,37.0,UG/M3,1 Hr,Valid
Jakarta Central,PM2.5 - Principal,2022-11-05 10:00 AM,2022,11,05,10,37.8,107,Unhealthy for Sensitive Groups,39.0,UG/M3,1 Hr,Valid
Jakarta Central,PM2.5 - Principal,2022-11-05 11:00 AM,2022,11,05,11,42.4,118,Unhealthy for Sensitive Groups,47.0,UG/M3,1 Hr,Valid
Jakarta Central,PM2.5 - Principal,2022-11-05 12:00 PM,2022,11,05,12,47.7,131,Unhealthy for Sensitive Groups,53.0,UG/M3,1 Hr,Valid
Jakarta Central,PM2.5 - Principal,2022-11-05 01:00 PM,2022,11,05,13,43.8,121,Unhealthy for Sensitive Groups,40.0,UG/M3,1 Hr,Valid
Jakarta Central,PM2.5 - Principal,2022-11-05 02:00 PM,2022,11,05,14,35.5,101,Unhealthy for Sensitive Groups,27.0,UG/M3,1 Hr,Valid
Jakarta Central,PM2.5 - Principal,2022-11-05 03:00 PM,2022,11,05,15,34.8,99,Moderate,34.0,UG/M3,1 Hr,Valid
Jakarta Central,PM2.5 - Principal,2022-11-05 04:00 PM,2022,11,05,16,31.4,92,Moderate,28.0,UG/M3,1 Hr,Valid
Jakarta Central,PM2.5 - Principal,2022-11-05 05:00 PM,2022,11,05,17,27.1,83,Moderate,23.0,UG/M3,1 Hr,Valid
Jakarta Central,PM2.5 - Principal,2022-11-05 06:00 PM,2022,11,05,18,28.0,84,Moderate,29.0,UG/M3,1 Hr,Valid
Jakarta Central,PM2.5 - Principal,2022-11-05 07:00 PM,2022,11,05,19,31.5,92,Moderate,35.0,UG/M3,1 Hr,Valid
Jakarta Central,PM2.5 - Principal,2022-11-05 08:00 PM,2022,11,05,20,34.7,99,Moderate,38.0,UG/M3,1 Hr,Valid
Jakarta Central,PM2.5 - Principal,2022-11-05 09:00 PM,2022,11,05,21,35.3,100,Moderate,36.0,UG/M3,1 Hr,Valid
Jakarta Central,PM2.5 - Principal,2022-11-05 10:00 PM,2022,11,05,22,25.6,79,Moderate,16.0,UG/M3,1 Hr,Valid
Jakarta Central,PM2.5 - Principal,2022-11-05 11:00 PM,2022,11,05,23,18.8,65,Moderate,12.0,UG/M3,1 Hr,Valid
Jakarta Central,PM2.5 - Principal,2022-11-06 12:00 AM,2022,11,06,00,17.4,62,Moderate,16.0,UG/M3,1 Hr,Valid
Jakarta Central,PM2.5 - Principal,2022-11-06 01:00 AM,2022,11,06,01,18.2,64,Moderate,19.0,UG/M3,1 Hr,Valid
Jakarta Central,PM2.5 - Principal,2022-11-06 02:00 AM,2022,11,06,02,25.6,79,Moderate,33.0,UG/M3,1 Hr,Valid
Jakarta Central,PM2.5 - Principal,2022-11-06 03:00 AM,2022,11,06,03,28.8,86,Moderate,32.0,UG/M3,1 Hr,Valid
Jakarta Central,PM2.5 - Principal,2022-11-06 04:00 AM,2022,11,06,04,30.4,89,Moderate,32.0,UG/M3,1 Hr,Valid
Jakarta Central,PM2.5 - Principal,2022-11-06 05:00 AM,2022,11,06,05,26.7,82,Moderate,23.0,UG/M3,1 Hr,Valid
Jakarta Central,PM2.5 - Principal,2022-11-06 06:00 AM,2022,11,06,06,25.3,79,Moderate,24.0,UG/M3,1 Hr,Valid
Jakarta Central,PM2.5 - Principal,2022-11-06 07:00 AM,2022,11,06,07,23.1,74,Moderate,21.0,UG/M3,1 Hr,Valid
Jakarta Central,PM2.5 - Principal,2022-11-06 08:00 AM,2022,11,06,08,25.0,78,Moderate,27.0,UG/M3,1 Hr,Valid
Jakarta Central,PM2.5 - Principal,2022-11-06 09:00 AM,2022,11,06,09,26.0,80,Moderate,27.0,UG/M3,1 Hr,Valid
Jakarta Central,PM2.5 - Principal,2022-11-06 10:00 AM,2022,11,06,10,25.0,78,Moderate,24.0,UG/M3,1 Hr,Valid
Jakarta Central,PM2.5 - Principal,2022-11-06 11:00 AM,2022,11,06,11,27.5,83,Moderate,30.0,UG/M3,1 Hr,Valid
Jakarta Central,PM2.5 - Principal,2022-11-06 12:00 PM,2022,11,06,12,27.1,83,Moderate,27.0,UG/M3,1 Hr,Valid
Jakarta Central,PM2.5 - Principal,2022-11-06 01:00 PM,2022,11,06,13,25.1,78,Moderate,22.0,UG/M3,1 Hr,Valid
Jakarta Central,PM2.5 - Principal,2022-11-06 02:00 PM,2022,11,06,14,19.3,66,Moderate,14.0,UG/M3,1 Hr,Valid
Jakarta Central,PM2.5 - Principal,2022-11-06 03:00 PM,2022,11,06,15,19.6,67,Moderate,20.0,UG/M3,1 Hr,Valid
Jakarta Central,PM2.5 - Principal,2022-11-06 04:00 PM,2022,11,06,16,15.3,58,Moderate,11.0,UG/M3,1 Hr,Valid
Jakarta Central,PM2.5 - Principal,2022-11-06 05:00 PM,2022,11,06,17,18.1,64,Moderate,21.0,UG/M3,1 Hr,Valid
Jakarta Central,PM2.5 - Principal,2022-11-06 06:00 PM,2022,11,06,18,15.5,58,Moderate,13.0,UG/M3,1 Hr,Valid
Jakarta Central,PM2.5 - Principal,2022-11-06 07:00 PM,2022,11,06,19,21.7,71,Moderate,28.0,UG/M3,1 Hr,Valid
Jakarta Central,PM2.5 - Principal,2022-11-06 08:00 PM,2022,11,06,20,19.8,67,Moderate,18.0,UG/M3,1 Hr,Valid
Jakarta Central,PM2.5 - Principal,2022-11-06 09:00 PM,2022,11,06,21,18.4,64,Moderate,17.0,UG/M3,1 Hr,Valid
Jakarta Central,PM2.5 - Principal,2022-11-06 10:00 PM,2022,11,06,22,21.2,70,Moderate,24.0,UG/M3,1 Hr,Valid
Jakarta Central,PM2.5 - Principal,2022-11-06 11:00 PM,2022,11,06,23,24.1,76,Moderate,27.0,UG/M3,1 Hr,Valid
Jakarta Central,PM2.5 - Principal,2022-11-07 12:00 AM,2022,11,07,00,20.5,69,Moderate,17.0,UG/M3,1 Hr,Valid
Jakarta Central,PM2.5 - Principal,2022-11-07 01:00 AM,2022,11,07,01,18.2,64,Moderate,16.0,UG/M3,1 Hr,Valid
Jakarta Central,PM2.5 - Principal,2022-11-07 02:00 AM,2022,11,07,02,24.1,76,Moderate,30.0,UG/M3,1 Hr,Valid
Jakarta Central,PM2.5 - Principal,2022-11-07 03:00 AM,2022,11,07,03,20.5,69,Moderate,17.0,UG/M3,1 Hr,Valid
Jakarta Central,PM2.5 - Principal,2022-11-07 04:00 AM,2022,11,07,04,19.2,66,Moderate,18.0,UG/M3,1 Hr,Valid
Jakarta Central,PM2.5 - Principal,2022-11-07 05:00 AM,2022,11,07,05,23.6,75,Moderate,28.0,UG/M3,1 Hr,Valid
Jakarta Central,PM2.5 - Principal,2022-11-07 06:00 AM,2022,11,07,06,27.8,84,Moderate,32.0,UG/M3,1 Hr,Valid
Jakarta Central,PM2.5 - Principal,2022-11-07 07:00 AM,2022,11,07,07,29.9,88,Moderate,32.0,UG/M3,1 Hr,Valid
Jakarta Central,PM2.5 - Principal,2022-11-07 08:00 AM,2022,11,07,08,29.4,87,Moderate,29.0,UG/M3,1 Hr,Valid
Jakarta Central,PM2.5 - Principal,2022-11-07 09:00 AM,2022,11,07,09,33.7,96,Moderate,38.0,UG/M3,1 Hr,Valid
Jakarta Central,PM2.5 - Principal,2022-11-07 10:00 AM,2022,11,07,10,28.8,86,Moderate,24.0,UG/M3,1 Hr,Valid
Jakarta Central,PM2.5 - Principal,2022-11-07 11:00 AM,2022,11,07,11,20.9,70,Moderate,13.0,UG/M3,1 Hr,Valid
Jakarta Central,PM2.5 - Principal,2022-11-07 12:00 PM,2022,11,07,12,17.4,62,Moderate,14.0,UG/M3,1 Hr,Valid
Jakarta Central,PM2.5 - Principal,2022-11-07 01:00 PM,2022,11,07,13,17.2,62,Moderate,17.0,UG/M3,1 Hr,Valid
Jakarta Central,PM2.5 - Principal,2022-11-07 02:00 PM,2022,11,07,14,13.1,53,Moderate,9.0,UG/M3,1 Hr,Valid
Jakarta Central,PM2.5 - Principal,2022-11-07 03:00 PM,2022,11,07,15,17.0,61,Moderate,21.0,UG/M3,1 Hr,Valid
Jakarta Central,PM2.5 - Principal,2022-11-07 04:00 PM,2022,11,07,16,24.0,76,Moderate,31.0,UG/M3,1 Hr,Valid
Jakarta Central,PM2.5 - Principal,2022-11-07 05:00 PM,2022,11,07,17,30.5,90,Moderate,37.0,UG/M3,1 Hr,Valid
Jakarta Central,PM2.5 - Principal,2022-11-07 06:00 PM,2022,11,07,18,28.2,85,Moderate,26.0,UG/M3,1 Hr,Valid
Jakarta Central,PM2.5 - Principal,2022-11-07 07:00 PM,2022,11,07,19,32.6,94,Moderate,37.0,UG/M3,1 Hr,Valid
Jakarta Central,PM2.5 - Principal,2022-11-07 08:00 PM,2022,11,07,20,40.8,114,Unhealthy for Sensitive Groups,49.0,UG/M3,1 Hr,Valid
Jakarta Central,PM2.5 - Principal,2022-11-07 09:00 PM,2022,11,07,21,48.4,133,Unhealthy for Sensitive Groups,56.0,UG/M3,1 Hr,Valid
Jakarta Central,PM2.5 - Principal,2022-11-07 10:00 PM,2022,11,07,22,51.2,140,Unhealthy for Sensitive Groups,54.0,UG/M3,1 Hr,Valid
Jakarta Central,PM2.5 - Principal,2022-11-07 11:00 PM,2022,11,07,23,48.1,132,Unhealthy for Sensitive Groups,45.0,UG/M3,1 Hr,Valid
Jakarta Central,PM2.5 - Principal,2022-11-08 12:00 AM,2022,11,08,00,47.0,129,Unhealthy for Sensitive Groups,46.0,UG/M3,1 Hr,Valid
Jakarta Central,PM2.5 - Principal,2022-11-08 01:00 AM,2022,11,08,01,47.5,131,Unhealthy for Sensitive Groups,48.0,UG/M3,1 Hr,Valid
Jakarta Central,PM2.5 - Principal,2022-11-08 02:00 AM,2022,11,08,02,45.7,126,Unhealthy for Sensitive Groups,44.0,UG/M3,1 Hr,Valid
Jakarta Central,PM2.5 - Principal,2022-11-08 03:00 AM,2022,11,08,03,47.8,131,Unhealthy for Sensitive Groups,50.0,UG/M3,1 Hr,Valid
Jakarta Central,PM2.5 - Principal,2022-11-08 04:00 AM,2022,11,08,04,48.4,133,Unhealthy for Sensitive Groups,49.0,UG/M3,1 Hr,Valid
Jakarta Central,PM2.5 - Principal,2022-11-08 05:00 AM,2022,11,08,05,55.2,150,Unhealthy for Sensitive Groups,62.0,UG/M3,1 Hr,Valid
Jakarta Central,PM2.5 - Principal,2022-11-08 06:00 AM,2022,11,08,06,58.8,153,Unhealthy,65.0,UG/M3,1 Hr,Valid
Jakarta Central,PM2.5 - Principal,2022-11-08 07:00 AM,2022,11,08,07,55.8,151,Unhealthy,54.0,UG/M3,1 Hr,Valid
Jakarta Central,PM2.5 - Principal,2022-11-08 08:00 AM,2022,11,08,08,55.6,151,Unhealthy,55.0,UG/M3,1 Hr,Valid
Jakarta Central,PM2.5 - Principal,2022-11-08 09:00 AM,2022,11,08,09,48.5,133,Unhealthy for Sensitive Groups,38.0,UG/M3,1 Hr,Valid
Jakarta Central,PM2.5 - Principal,2022-11-08 10:00 AM,2022,11,08,10,37.5,106,Unhealthy for Sensitive Groups,28.0,UG/M3,1 Hr,Valid
Jakarta Central,PM2.5 - Principal,2022-11-08 11:00 AM,2022,11,08,11,40.7,114,Unhealthy for Sensitive Groups,44.0,UG/M3,1 Hr,Valid
Jakarta Central,PM2.5 - Principal,2022-11-08 12:00 PM,2022,11,08,12,44.8,124,Unhealthy for Sensitive Groups,49.0,UG/M3,1 Hr,Valid
Jakarta Central,PM2.5 - Principal,2022-11-08 01:00 PM,2022,11,08,13,41.4,116,Unhealthy for Sensitive Groups,38.0,UG/M3,1 Hr,Valid
Jakarta Central,PM2.5 - Principal,2022-11-08 02:00 PM,2022,11,08,14,29.7,88,Moderate,18.0,UG/M3,1 Hr,Valid
Jakarta Central,PM2.5 - Principal,2022-11-08 03:00 PM,2022,11,08,15,28.8,86,Moderate,28.0,UG/M3,1 Hr,Valid
Jakarta Central,PM2.5 - Principal,2022-11-08 04:00 PM,2022,11,08,16,22.9,74,Moderate,17.0,UG/M3,1 Hr,Valid
Jakarta Central,PM2.5 - Principal,2022-11-08 05:00 PM,2022,11,08,17,20.9,70,Moderate,19.0,UG/M3,1 Hr,Valid
Jakarta Central,PM2.5 - Principal,2022-11-08 06:00 PM,2022,11,08,18,30.9,91,Moderate,41.0,UG/M3,1 Hr,Valid
Jakarta Central,PM2.5 - Principal,2022-11-08 07:00 PM,2022,11,08,19,25.9,80,Moderate,21.0,UG/M3,1 Hr,Valid
Jakarta Central,PM2.5 - Principal,2022-11-08 08:00 PM,2022,11,08,20,28.9,86,Moderate,32.0,UG/M3,1 Hr,Valid
Jakarta Central,PM2.5 - Principal,2022-11-08 09:00 PM,2022,11,08,21,27.4,83,Moderate,26.0,UG/M3,1 Hr,Valid
Jakarta Central,PM2.5 - Principal,2022-11-08 10:00 PM,2022,11,08,22,30.7,90,Moderate,34.0,UG/M3,1 Hr,Valid
Jakarta Central,PM2.5 - Principal,2022-11-08 11:00 PM,2022,11,08,23,31.8,92,Moderate,33.0,UG/M3,1 Hr,Valid
Jakarta Central,PM2.5 - Principal,2022-11-09 12:00 AM,2022,11,09,00,34.9,99,Moderate,38.0,UG/M3,1 Hr,Valid
Jakarta Central,PM2.5 - Principal,2022-11-09 01:00 AM,2022,11,09,01,38.4,108,Unhealthy for Sensitive Groups,42.0,UG/M3,1 Hr,Valid
Jakarta Central,PM2.5 - Principal,2022-11-09 02:00 AM,2022,11,09,02,38.7,109,Unhealthy for Sensitive Groups,39.0,UG/M3,1 Hr,Valid
Jakarta Central,PM2.5 - Principal,2022-11-09 03:00 AM,2022,11,09,03,38.3,108,Unhealthy for Sensitive Groups,38.0,UG/M3,1 Hr,Valid
Jakarta Central,PM2.5 - Principal,2022-11-09 04:00 AM,2022,11,09,04,40.6,114,Unhealthy for Sensitive Groups,43.0,UG/M3,1 Hr,Valid
Jakarta Central,PM2.5 - Principal,2022-11-09 05:00 AM,2022,11,09,05,38.8,109,Unhealthy for Sensitive Groups,37.0,UG/M3,1 Hr,Valid
Jakarta Central,PM2.5 - Principal,2022-11-09 06:00 AM,2022,11,09,06,42.4,118,Unhealthy for Sensitive Groups,46.0,UG/M3,1 Hr,Valid
Jakarta Central,PM2.5 - Principal,2022-11-09 07:00 AM,2022,11,09,07,41.1,115,Unhealthy for Sensitive Groups,40.0,UG/M3,1 Hr,Valid
Jakarta Central,PM2.5 - Principal,2022-11-09 08:00 AM,2022,11,09,08,39.7,111,Unhealthy for Sensitive Groups,38.0,UG/M3,1 Hr,Valid
Jakarta Central,PM2.5 - Principal,2022-11-09 09:00 AM,2022,11,09,09,39.6,111,Unhealthy for Sensitive Groups,39.0,UG/M3,1 Hr,Valid
Jakarta Central,PM2.5 - Principal,2022-11-09 10:00 AM,2022,11,09,10,38.3,108,Unhealthy for Sensitive Groups,35.0,UG/M3,1 Hr,Valid
Jakarta Central,PM2.5 - Principal,2022-11-09 11:00 AM,2022,11,09,11,39.4,111,Unhealthy for Sensitive Groups,42.0,UG/M3,1 Hr,Valid
Jakarta Central,PM2.5 - Principal,2022-11-09 12:00 PM,2022,11,09,12,30.2,89,Moderate,21.0,UG/M3,1 Hr,Valid
Jakarta Central,PM2.5 - Principal,2022-11-09 01:00 PM,2022,11,09,13,34.1,97,Moderate,38.0,UG/M3,1 Hr,Valid
Jakarta Central,PM2.5 - Principal,2022-11-09 02:00 PM,2022,11,09,14,33.5,96,Moderate,33.0,UG/M3,1 Hr,Valid
Jakarta Central,PM2.5 - Principal,2022-11-09 03:00 PM,2022,11,09,15,24.2,76,Moderate,15.0,UG/M3,1 Hr,Valid
Jakarta Central,PM2.5 - Principal,2022-11-09 04:00 PM,2022,11,09,16,17.1,62,Moderate,10.0,UG/M3,1 Hr,Valid
Jakarta Central,PM2.5 - Principal,2022-11-09 05:00 PM,2022,11,09,17,14.5,56,Moderate,12.0,UG/M3,1 Hr,Valid
Jakarta Central,PM2.5 - Principal,2022-11-09 06:00 PM,2022,11,09,18,15.7,59,Moderate,17.0,UG/M3,1 Hr,Valid
Jakarta Central,PM2.5 - Principal,2022-11-09 07:00 PM,2022,11,09,19,18.3,64,Moderate,21.0,UG/M3,1 Hr,Valid
Jakarta Central,PM2.5 - Principal,2022-11-09 08:00 PM,2022,11,09,20,16.6,60,Moderate,15.0,UG/M3,1 Hr,Valid
Jakarta Central,PM2.5 - Principal,2022-11-09 09:00 PM,2022,11,09,21,15.3,58,Moderate,14.0,UG/M3,1 Hr,Valid
Jakarta Central,PM2.5 - Principal,2022-11-09 10:00 PM,2022,11,09,22,12.6,52,Moderate,10.0,UG/M3,1 Hr,Valid
Jakarta Central,PM2.5 - Principal,2022-11-09 11:00 PM,2022,11,09,23,13.8,55,Moderate,15.0,UG/M3,1 Hr,Valid
Jakarta Central,PM2.5 - Principal,2022-11-10 12:00 AM,2022,11,10,00,16.9,61,Moderate,20.0,UG/M3,1 Hr,Valid
Jakarta Central,PM2.5 - Principal,2022-11-10 01:00 AM,2022,11,10,01,16.4,60,Moderate,16.0,UG/M3,1 Hr,Valid
Jakarta Central,PM2.5 - Principal,2022-11-10 02:00 AM,2022,11,10,02,15.2,58,Moderate,14.0,UG/M3,1 Hr,Valid
Jakarta Central,PM2.5 - Principal,2022-11-10 03:00 AM,2022,11,10,03,15.6,58,Moderate,16.0,UG/M3,1 Hr,Valid
Jakarta Central,PM2.5 - Principal,2022-11-10 04:00 AM,2022,11,10,04,19.8,67,Moderate,24.0,UG/M3,1 Hr,Valid
Jakarta Central,PM2.5 - Principal,2022-11-10 05:00 AM,2022,11,10,05,20.4,68,Moderate,21.0,UG/M3,1 Hr,Valid
Jakarta Central,PM2.5 - Principal,2022-11-10 06:00 AM,2022,11,10,06,28.2,85,Moderate,36.0,UG/M3,1 Hr,Valid
Jakarta Central,PM2.5 - Principal,2022-11-10 07:00 AM,2022,11,10,07,25.1,78,Moderate,22.0,UG/M3,1 Hr,Valid
Jakarta Central,PM2.5 - Principal,2022-11-10 08:00 AM,2022,11,10,08,20.0,68,Moderate,15.0,UG/M3,1 Hr,Valid
Jakarta Central,PM2.5 - Principal,2022-11-10 09:00 AM,2022,11,10,09,15.0,57,Moderate,10.0,UG/M3,1 Hr,Valid
Jakarta Central,PM2.5 - Principal,2022-11-10 10:00 AM,2022,11,10,10,18.0,63,Moderate,21.0,UG/M3,1 Hr,Valid
Jakarta Central,PM2.5 - Principal,2022-11-10 11:00 AM,2022,11,10,11,19.5,67,Moderate,21.0,UG/M3,1 Hr,Valid
Jakarta Central,PM2.5 - Principal,2022-11-10 12:00 PM,2022,11,10,12,24.2,76,Moderate,29.0,UG/M3,1 Hr,Valid
Jakarta Central,PM2.5 - Principal,2022-11-10 01:00 PM,2022,11,10,13,23.6,75,Moderate,23.0,UG/M3,1 Hr,Valid
Jakarta Central,PM2.5 - Principal,2022-11-10 02:00 PM,2022,11,10,14,26.3,81,Moderate,29.0,UG/M3,1 Hr,Valid
Jakarta Central,PM2.5 - Principal,2022-11-10 03:00 PM,2022,11,10,15,34.1,97,Moderate,42.0,UG/M3,1 Hr,Valid
Jakarta Central,PM2.5 - Principal,2022-11-10 04:00 PM,2022,11,10,16,36.5,103,Unhealthy for Sensitive Groups,39.0,UG/M3,1 Hr,Valid
Jakarta Central,PM2.5 - Principal,2022-11-10 05:00 PM,2022,11,10,17,35.7,101,Unhealthy for Sensitive Groups,35.0,UG/M3,1 Hr,Valid
Jakarta Central,PM2.5 - Principal,2022-11-10 06:00 PM,2022,11,10,18,23.3,75,Moderate,11.0,UG/M3,1 Hr,Valid
Jakarta Central,PM2.5 - Principal,2022-11-10 07:00 PM,2022,11,10,19,18.6,65,Moderate,14.0,UG/M3,1 Hr,Valid
Jakarta Central,PM2.5 - Principal,2022-11-10 08:00 PM,2022,11,10,20,17.8,63,Moderate,17.0,UG/M3,1 Hr,Valid
Jakarta Central,PM2.5 - Principal,2022-11-10 09:00 PM,2022,11,10,21,16.9,61,Moderate,16.0,UG/M3,1 Hr,Valid
Jakarta Central,PM2.5 - Principal,2022-11-10 10:00 PM,2022,11,10,22,19.4,66,Moderate,22.0,UG/M3,1 Hr,Valid
Jakarta Central,PM2.5 - Principal,2022-11-10 11:00 PM,2022,11,10,23,19.2,66,Moderate,19.0,UG/M3,1 Hr,Valid
Jakarta Central,PM2.5 - Principal,2022-11-11 12:00 AM,2022,11,11,00,18.1,64,Moderate,17.0,UG/M3,1 Hr,Valid
Jakarta Central,PM2.5 - Principal,2022-11-11 01:00 AM,2022,11,11,01,25.5,79,Moderate,33.0,UG/M3,1 Hr,Valid
Jakarta Central,PM2.5 - Principal,2022-11-11 02:00 AM,2022,11,11,02,24.7,77,Moderate,24.0,UG/M3,1 Hr,Valid
Jakarta Central,PM2.5 - Principal,2022-11-11 03:00 AM,2022,11,11,03,18.8,65,Moderate,13.0,UG/M3,1 Hr,Valid
Jakarta Central,PM2.5 - Principal,2022-11-11 04:00 AM,2022,11,11,04,13.4,54,Moderate,8.0,UG/M3,1 Hr,Valid
Jakarta Central,PM2.5 - Principal,2022-11-11 05:00 AM,2022,11,11,05,12.2,51,Moderate,11.0,UG/M3,1 Hr,Valid
Jakarta Central,PM2.5 - Principal,2022-11-11 06:00 AM,2022,11,11,06,14.6,56,Moderate,17.0,UG/M3,1 Hr,Valid
Jakarta Central,PM2.5 - Principal,2022-11-11 07:00 AM,2022,11,11,07,16.3,60,Moderate,18.0,UG/M3,1 Hr,Valid
Jakarta Central,PM2.5 - Principal,2022-11-11 08:00 AM,2022,11,11,08,19.1,66,Moderate,22.0,UG/M3,1 Hr,Valid
Jakarta Central,PM2.5 - Principal,2022-11-11 09:00 AM,2022,11,11,09,19.5,67,Moderate,20.0,UG/M3,1 Hr,Valid
Jakarta Central,PM2.5 - Principal,2022-11-11 10:00 AM,2022,11,11,10,18.2,64,Moderate,17.0,UG/M3,1 Hr,Valid
Jakarta Central,PM2.5 - Principal,2022-11-11 11:00 AM,2022,11,11,11,21.1,70,Moderate,24.0,UG/M3,1 Hr,Valid
Jakarta Central,PM2.5 - Principal,2022-11-11 12:00 PM,2022,11,11,12,20.5,69,Moderate,20.0,UG/M3,1 Hr,Valid
Jakarta Central,PM2.5 - Principal,2022-11-11 01:00 PM,2022,11,11,13,18.2,64,Moderate,16.0,UG/M3,1 Hr,Valid
Jakarta Central,PM2.5 - Principal,2022-11-11 02:00 PM,2022,11,11,14,11.1,46,Good,4.0,UG/M3,1 Hr,Valid
Jakarta Central,PM2.5 - Principal,2022-11-11 03:00 PM,2022,11,11,15,8.0,33,Good,5.0,UG/M3,1 Hr,Valid
Jakarta Central,PM2.5 - Principal,2022-11-11 04:00 PM,2022,11,11,16,8.5,35,Good,9.0,UG/M3,1 Hr,Valid
Jakarta Central,PM2.5 - Principal,2022-11-11 05:00 PM,2022,11,11,17,8.7,36,Good,9.0,UG/M3,1 Hr,Valid
Jakarta Central,PM2.5 - Principal,2022-11-11 06:00 PM,2022,11,11,18,10.8,45,Good,13.0,UG/M3,1 Hr,Valid
Jakarta Central,PM2.5 - Principal,2022-11-11 07:00 PM,2022,11,11,19,9.9,41,Good,9.0,UG/M3,1 Hr,Valid
Jakarta Central,PM2.5 - Principal,2022-11-11 08:00 PM,2022,11,11,20,8.9,37,Good,8.0,UG/M3,1 Hr,Valid
Jakarta Central,PM2.5 - Principal,2022-11-11 09:00 PM,2022,11,11,21,7.9,33,Good,7.0,UG/M3,1 Hr,Valid
Jakarta Central,PM2.5 - Principal,2022-11-11 10:00 PM,2022,11,11,22,6.9,29,Good,6.0,UG/M3,1 Hr,Valid
Jakarta Central,PM2.5 - Principal,2022-11-11 11:00 PM,2022,11,11,23,5.9,25,Good,5.0,UG/M3,1 Hr,Valid
Jakarta Central,PM2.5 - Principal,2022-11-12 12:00 AM,2022,11,12,00,5.9,25,Good,6.0,UG/M3,1 Hr,Valid
Jakarta Central,PM2.5 - Principal,2022-11-12 01:00 AM,2022,11,12,01,6.4,27,Good,7.0,UG/M3,1 Hr,Valid
Jakarta Central,PM2.5 - Principal,2022-11-12 02:00 AM,2022,11,12,02,8.2,34,Good,10.0,UG/M3,1 Hr,Valid
Jakarta Central,PM2.5 - Principal,2022-11-12 03:00 AM,2022,11,12,03,10.1,42,Good,12.0,UG/M3,1 Hr,Valid
Jakarta Central,PM2.5 - Principal,2022-11-12 04:00 AM,2022,11,12,04,12.0,50,Good,14.0,UG/M3,1 Hr,Valid
Jakarta Central,PM2.5 - Principal,2022-11-12 05:00 AM,2022,11,12,05,11.0,46,Good,10.0,UG/M3,1 Hr,Valid
Jakarta Central,PM2.5 - Principal,2022-11-12 06:00 AM,2022,11,12,06,9.5,40,Good,8.0,UG/M3,1 Hr,Valid
Jakarta Central,PM2.5 - Principal,2022-11-12 07:00 AM,2022,11,12,07,9.7,40,Good,10.0,UG/M3,1 Hr,Valid
Jakarta Central,PM2.5 - Principal,2022-11-12 08:00 AM,2022,11,12,08,8.8,37,Good,8.0,UG/M3,1 Hr,Valid
Jakarta Central,PM2.5 - Principal,2022-11-12 09:00 AM,2022,11,12,09,10.4,43,Good,12.0,UG/M3,1 Hr,Valid
Jakarta Central,PM2.5 - Principal,2022-11-12 10:00 AM,2022,11,12,10,14.7,56,Moderate,19.0,UG/M3,1 Hr,Valid
Jakarta Central,PM2.5 - Principal,2022-11-12 11:00 AM,2022,11,12,11,17.8,63,Moderate,21.0,UG/M3,1 Hr,Valid
Jakarta Central,PM2.5 - Principal,2022-11-12 12:00 PM,2022,11,12,12,22.4,73,Moderate,27.0,UG/M3,1 Hr,Valid
Jakarta Central,PM2.5 - Principal,2022-11-12 01:00 PM,2022,11,12,13,21.7,71,Moderate,21.0,UG/M3,1 Hr,Valid
Jakarta Central,PM2.5 - Principal,2022-11-12 02:00 PM,2022,11,12,14,16.8,61,Moderate,12.0,UG/M3,1 Hr,Valid
Jakarta Central,PM2.5 - Principal,2022-11-12 03:00 PM,2022,11,12,15,13.9,55,Moderate,11.0,UG/M3,1 Hr,Valid
Jakarta Central,PM2.5 - Principal,2022-11-12 04:00 PM,2022,11,12,16,9.9,41,Good,6.0,UG/M3,1 Hr,Valid
Jakarta Central,PM2.5 - Principal,2022-11-12 05:00 PM,2022,11,12,17,12.9,53,Moderate,16.0,UG/M3,1 Hr,Valid
Jakarta Central,PM2.5 - Principal,2022-11-12 06:00 PM,2022,11,12,18,14.4,56,Moderate,16.0,UG/M3,1 Hr,Valid
Jakarta Central,PM2.5 - Principal,2022-11-12 07:00 PM,2022,11,12,19,14.7,56,Moderate,15.0,UG/M3,1 Hr,Valid
Jakarta Central,PM2.5 - Principal,2022-11-12 08:00 PM,2022,11,12,20,16.8,61,Moderate,19.0,UG/M3,1 Hr,Valid
Jakarta Central,PM2.5 - Principal,2022-11-12 09:00 PM,2022,11,12,21,19.4,66,Moderate,22.0,UG/M3,1 Hr,Valid
Jakarta Central,PM2.5 - Principal,2022-11-12 10:00 PM,2022,11,12,22,17.2,62,Moderate,15.0,UG/M3,1 Hr,Valid
Jakarta Central,PM2.5 - Principal,2022-11-12 11:00 PM,2022,11,12,23,14.1,55,Moderate,11.0,UG/M3,1 Hr,Valid
Jakarta Central,PM2.5 - Principal,2022-11-13 12:00 AM,2022,11,13,00,14.0,55,Moderate,14.0,UG/M3,1 Hr,Valid
Jakarta Central,PM2.5 - Principal,2022-11-13 01:00 AM,2022,11,13,01,13.0,53,Moderate,12.0,UG/M3,1 Hr,Valid
Jakarta Central,PM2.5 - Principal,2022-11-13 02:00 AM,2022,11,13,02,11.5,48,Good,10.0,UG/M3,1 Hr,Valid
Jakarta Central,PM2.5 - Principal,2022-11-13 03:00 AM,2022,11,13,03,12.7,52,Moderate,14.0,UG/M3,1 Hr,Valid
Jakarta Central,PM2.5 - Principal,2022-11-13 04:00 AM,2022,11,13,04,11.8,49,Good,11.0,UG/M3,1 Hr,Valid
Jakarta Central,PM2.5 - Principal,2022-11-13 05:00 AM,2022,11,13,05,11.4,48,Good,11.0,UG/M3,1 Hr,Valid
Jakarta Central,PM2.5 - Principal,2022-11-13 06:00 AM,2022,11,13,06,12.7,52,Moderate,14.0,UG/M3,1 Hr,Valid
Jakarta Central,PM2.5 - Principal,2022-11-13 07:00 AM,2022,11,13,07,16.8,61,Moderate,21.0,UG/M3,1 Hr,Valid
Jakarta Central,PM2.5 - Principal,2022-11-13 08:00 AM,2022,11,13,08,16.9,61,Moderate,17.0,UG/M3,1 Hr,Valid
Jakarta Central,PM2.5 - Principal,2022-11-13 09:00 AM,2022,11,13,09,17.4,62,Moderate,18.0,UG/M3,1 Hr,Valid
Jakarta Central,PM2.5 - Principal,2022-11-13 10:00 AM,2022,11,13,10,17.2,62,Moderate,17.0,UG/M3,1 Hr,Valid
Jakarta Central,PM2.5 - Principal,2022-11-13 11:00 AM,2022,11,13,11,21.6,71,Moderate,26.0,UG/M3,1 Hr,Valid
Jakarta Central,PM2.5 - Principal,2022-11-13 12:00 PM,2022,11,13,12,23.8,76,Moderate,26.0,UG/M3,1 Hr,Valid
Jakarta Central,PM2.5 - Principal,2022-11-13 01:00 PM,2022,11,13,13,24.9,78,Moderate,26.0,UG/M3,1 Hr,Valid
Jakarta Central,PM2.5 - Principal,2022-11-13 02:00 PM,2022,11,13,14,27.4,83,Moderate,30.0,UG/M3,1 Hr,Valid
Jakarta Central,PM2.5 - Principal,2022-11-13 03:00 PM,2022,11,13,15,27.7,84,Moderate,28.0,UG/M3,1 Hr,Valid
Jakarta Central,PM2.5 - Principal,2022-11-13 04:00 PM,2022,11,13,16,23.8,76,Moderate,20.0,UG/M3,1 Hr,Valid
Jakarta Central,PM2.5 - Principal,2022-11-13 05:00 PM,2022,11,13,17,18.9,65,Moderate,14.0,UG/M3,1 Hr,Valid
Jakarta Central,PM2.5 - Principal,2022-11-13 06:00 PM,2022,11,13,18,20.9,70,Moderate,23.0,UG/M3,1 Hr,Valid
Jakarta Central,PM2.5 - Principal,2022-11-13 07:00 PM,2022,11,13,19,25.9,80,Moderate,31.0,UG/M3,1 Hr,Valid
Jakarta Central,PM2.5 - Principal,2022-11-13 08:00 PM,2022,11,13,20,26.9,82,Moderate,28.0,UG/M3,1 Hr,Valid
Jakarta Central,PM2.5 - Principal,2022-11-13 09:00 PM,2022,11,13,21,23.9,76,Moderate,21.0,UG/M3,1 Hr,Valid
Jakarta Central,PM2.5 - Principal,2022-11-13 10:00 PM,2022,11,13,22,28.0,84,Moderate,32.0,UG/M3,1 Hr,Valid
Jakarta Central,PM2.5 - Principal,2022-11-13 11:00 PM,2022,11,13,23,23.9,76,Moderate,20.0,UG/M3,1 Hr,Valid
Jakarta Central,PM2.5 - Principal,2022-11-14 12:00 AM,2022,11,14,00,22.4,73,Moderate,21.0,UG/M3,1 Hr,Valid
Jakarta Central,PM2.5 - Principal,2022-11-14 01:00 AM,2022,11,14,01,17.7,63,Moderate,13.0,UG/M3,1 Hr,Valid
Jakarta Central,PM2.5 - Principal,2022-11-14 02:00 AM,2022,11,14,02,12.3,51,Moderate,7.0,UG/M3,1 Hr,Valid
Jakarta Central,PM2.5 - Principal,2022-11-14 03:00 AM,2022,11,14,03,9.1,38,Good,6.0,UG/M3,1 Hr,Valid
Jakarta Central,PM2.5 - Principal,2022-11-14 04:00 AM,2022,11,14,04,9.0,38,Good,9.0,UG/M3,1 Hr,Valid
Jakarta Central,PM2.5 - Principal,2022-11-14 05:00 AM,2022,11,14,05,12.0,50,Good,15.0,UG/M3,1 Hr,Valid
Jakarta Central,PM2.5 - Principal,2022-11-14 06:00 AM,2022,11,14,06,17.0,61,Moderate,22.0,UG/M3,1 Hr,Valid
Jakarta Central,PM2.5 - Principal,2022-11-14 07:00 AM,2022,11,14,07,19.0,66,Moderate,21.0,UG/M3,1 Hr,Valid
Jakarta Central,PM2.5 - Principal,2022-11-14 08:00 AM,2022,11,14,08,21.0,70,Moderate,23.0,UG/M3,1 Hr,Valid
Jakarta Central,PM2.5 - Principal,2022-11-14 09:00 AM,2022,11,14,09,23.0,74,Moderate,25.0,UG/M3,1 Hr,Valid
Jakarta Central,PM2.5 - Principal,2022-11-14 10:00 AM,2022,11,14,10,23.0,74,Moderate,985.0,UG/M3,1 Hr,Invalid
Jakarta Central,PM2.5 - Principal,2022-11-14 11:00 AM,2022,11,14,11,-999.0,-999,N/A,985.0,UG/M3,1 Hr,Invalid
Jakarta Central,PM2.5 - Principal,2022-11-14 12:00 PM,2022,11,14,12,-999.0,-999,N/A,42.0,UG/M3,1 Hr,Valid
Jakarta Central,PM2.5 - Principal,2022-11-14 01:00 PM,2022,11,14,13,35.6,101,Unhealthy for Sensitive Groups,34.0,UG/M3,1 Hr,Valid
Jakarta Central,PM2.5 - Principal,2022-11-14 02:00 PM,2022,11,14,14,31.9,93,Moderate,29.0,UG/M3,1 Hr,Valid
Jakarta Central,PM2.5 - Principal,2022-11-14 03:00 PM,2022,11,14,15,23.0,74,Moderate,15.0,UG/M3,1 Hr,Valid
Jakarta Central,PM2.5 - Principal,2022-11-14 04:00 PM,2022,11,14,16,20.9,70,Moderate,19.0,UG/M3,1 Hr,Valid
Jakarta Central,PM2.5 - Principal,2022-11-14 05:00 PM,2022,11,14,17,30.1,89,Moderate,39.0,UG/M3,1 Hr,Valid
Jakarta Central,PM2.5 - Principal,2022-11-14 06:00 PM,2022,11,14,18,30.5,90,Moderate,31.0,UG/M3,1 Hr,Valid
Jakarta Central,PM2.5 - Principal,2022-11-14 07:00 PM,2022,11,14,19,34.2,97,Moderate,38.0,UG/M3,1 Hr,Valid
Jakarta Central,PM2.5 - Principal,2022-11-14 08:00 PM,2022,11,14,20,34.1,97,Moderate,34.0,UG/M3,1 Hr,Valid
Jakarta Central,PM2.5 - Principal,2022-11-14 09:00 PM,2022,11,14,21,34.1,97,Moderate,985.0,UG/M3,1 Hr,Invalid
Jakarta Central,PM2.5 - Principal,2022-11-14 10:00 PM,2022,11,14,22,-999.0,-999,N/A,985.0,UG/M3,1 Hr,Invalid
Jakarta Central,PM2.5 - Principal,2022-11-14 11:00 PM,2022,11,14,23,-999.0,-999,N/A,985.0,UG/M3,1 Hr,Invalid
Jakarta Central,PM2.5 - Principal,2022-11-15 12:00 AM,2022,11,15,00,-999.0,-999,N/A,985.0,UG/M3,1 Hr,Invalid
Jakarta Central,PM2.5 - Principal,2022-11-15 01:00 AM,2022,11,15,01,-999.0,-999,N/A,985.0,UG/M3,1 Hr,Invalid
Jakarta Central,PM2.5 - Principal,2022-11-15 02:00 AM,2022,11,15,02,-999.0,-999,N/A,985.0,UG/M3,1 Hr,Invalid
Jakarta Central,PM2.5 - Principal,2022-11-15 03:00 AM,2022,11,15,03,-999.0,-999,N/A,985.0,UG/M3,1 Hr,Invalid
Jakarta Central,PM2.5 - Principal,2022-11-15 04:00 AM,2022,11,15,04,-999.0,-999,N/A,985.0,UG/M3,1 Hr,Invalid
Jakarta Central,PM2.5 - Principal,2022-11-15 05:00 AM,2022,11,15,05,-999.0,-999,N/A,985.0,UG/M3,1 Hr,Invalid
Jakarta Central,PM2.5 - Principal,2022-11-15 06:00 AM,2022,11,15,06,-999.0,-999,N/A,985.0,UG/M3,1 Hr,Invalid
Jakarta Central,PM2.5 - Principal,2022-11-15 07:00 AM,2022,11,15,07,-999.0,-999,N/A,985.0,UG/M3,1 Hr,Invalid
Jakarta Central,PM2.5 - Principal,2022-11-15 08:00 AM,2022,11,15,08,-999.0,-999,N/A,985.0,UG/M3,1 Hr,Invalid
Jakarta Central,PM2.5 - Principal,2022-11-15 09:00 AM,2022,11,15,09,-999.0,-999,N/A,985.0,UG/M3,1 Hr,Invalid
Jakarta Central,PM2.5 - Principal,2022-11-15 10:00 AM,2022,11,15,10,-999.0,-999,N/A,985.0,UG/M3,1 Hr,Invalid
Jakarta Central,PM2.5 - Principal,2022-11-15 11:00 AM,2022,11,15,11,-999.0,-999,N/A,985.0,UG/M3,1 Hr,Invalid
Jakarta Central,PM2.5 - Principal,2022-11-15 12:00 PM,2022,11,15,12,-999.0,-999,N/A,985.0,UG/M3,1 Hr,Invalid
Jakarta Central,PM2.5 - Principal,2022-11-15 01:00 PM,2022,11,15,13,-999.0,-999,N/A,27.0,UG/M3,1 Hr,Valid
Jakarta Central,PM2.5 - Principal,2022-11-15 02:00 PM,2022,11,15,14,22.3,72,Moderate,19.0,UG/M3,1 Hr,Valid
Jakarta Central,PM2.5 - Principal,2022-11-15 03:00 PM,2022,11,15,15,24.4,77,Moderate,27.0,UG/M3,1 Hr,Valid
Jakarta Central,PM2.5 - Principal,2022-11-15 04:00 PM,2022,11,15,16,25.0,78,Moderate,26.0,UG/M3,1 Hr,Valid
Jakarta Central,PM2.5 - Principal,2022-11-15 05:00 PM,2022,11,15,17,22.3,72,Moderate,18.0,UG/M3,1 Hr,Valid
Jakarta Central,PM2.5 - Principal,2022-11-15 06:00 PM,2022,11,15,18,19.4,66,Moderate,16.0,UG/M3,1 Hr,Valid
Jakarta Central,PM2.5 - Principal,2022-11-15 07:00 PM,2022,11,15,19,15.8,59,Moderate,13.0,UG/M3,1 Hr,Valid
Jakarta Central,PM2.5 - Principal,2022-11-15 08:00 PM,2022,11,15,20,13.9,55,Moderate,12.0,UG/M3,1 Hr,Valid
Jakarta Central,PM2.5 - Principal,2022-11-15 09:00 PM,2022,11,15,21,12.9,53,Moderate,12.0,UG/M3,1 Hr,Valid
Jakarta Central,PM2.5 - Principal,2022-11-15 10:00 PM,2022,11,15,22,13.4,54,Moderate,14.0,UG/M3,1 Hr,Valid
Jakarta Central,PM2.5 - Principal,2022-11-15 11:00 PM,2022,11,15,23,11.7,49,Good,10.0,UG/M3,1 Hr,Valid
Jakarta Central,PM2.5 - Principal,2022-11-16 12:00 AM,2022,11,16,00,11.8,49,Good,12.0,UG/M3,1 Hr,Valid
Jakarta Central,PM2.5 - Principal,2022-11-16 01:00 AM,2022,11,16,01,12.4,52,Moderate,13.0,UG/M3,1 Hr,Valid
Jakarta Central,PM2.5 - Principal,2022-11-16 02:00 AM,2022,11,16,02,11.2,47,Good,10.0,UG/M3,1 Hr,Valid
Jakarta Central,PM2.5 - Principal,2022-11-16 03:00 AM,2022,11,16,03,11.1,46,Good,11.0,UG/M3,1 Hr,Valid
Jakarta Central,PM2.5 - Principal,2022-11-16 04:00 AM,2022,11,16,04,11.9,50,Good,13.0,UG/M3,1 Hr,Valid
Jakarta Central,PM2.5 - Principal,2022-11-16 05:00 AM,2022,11,16,05,14.0,55,Moderate,17.0,UG/M3,1 Hr,Valid
Jakarta Central,PM2.5 - Principal,2022-11-16 06:00 AM,2022,11,16,06,14.8,57,Moderate,16.0,UG/M3,1 Hr,Valid
Jakarta Central,PM2.5 - Principal,2022-11-16 07:00 AM,2022,11,16,07,15.7,59,Moderate,17.0,UG/M3,1 Hr,Valid
Jakarta Central,PM2.5 - Principal,2022-11-16 08:00 AM,2022,11,16,08,15.0,57,Moderate,14.0,UG/M3,1 Hr,Valid
Jakarta Central,PM2.5 - Principal,2022-11-16 09:00 AM,2022,11,16,09,15.8,59,Moderate,17.0,UG/M3,1 Hr,Valid
Jakarta Central,PM2.5 - Principal,2022-11-16 10:00 AM,2022,11,16,10,21.5,71,Moderate,27.0,UG/M3,1 Hr,Valid
Jakarta Central,PM2.5 - Principal,2022-11-16 11:00 AM,2022,11,16,11,26.7,82,Moderate,32.0,UG/M3,1 Hr,Valid
Jakarta Central,PM2.5 - Principal,2022-11-16 12:00 PM,2022,11,16,12,18.8,65,Moderate,11.0,UG/M3,1 Hr,Valid
Jakarta Central,PM2.5 - Principal,2022-11-16 01:00 PM,2022,11,16,13,14.4,56,Moderate,10.0,UG/M3,1 Hr,Valid
Jakarta Central,PM2.5 - Principal,2022-11-16 02:00 PM,2022,11,16,14,13.2,53,Moderate,12.0,UG/M3,1 Hr,Valid
Jakarta Central,PM2.5 - Principal,2022-11-16 03:00 PM,2022,11,16,15,10.6,44,Good,8.0,UG/M3,1 Hr,Valid
Jakarta Central,PM2.5 - Principal,2022-11-16 04:00 PM,2022,11,16,16,8.8,37,Good,7.0,UG/M3,1 Hr,Valid
Jakarta Central,PM2.5 - Principal,2022-11-16 05:00 PM,2022,11,16,17,7.9,33,Good,7.0,UG/M3,1 Hr,Valid
Jakarta Central,PM2.5 - Principal,2022-11-16 06:00 PM,2022,11,16,18,6.9,29,Good,6.0,UG/M3,1 Hr,Valid
Jakarta Central,PM2.5 - Principal,2022-11-16 07:00 PM,2022,11,16,19,6.4,27,Good,6.0,UG/M3,1 Hr,Valid
Jakarta Central,PM2.5 - Principal,2022-11-16 08:00 PM,2022,11,16,20,8.7,36,Good,11.0,UG/M3,1 Hr,Valid
Jakarta Central,PM2.5 - Principal,2022-11-16 09:00 PM,2022,11,16,21,13.3,54,Moderate,18.0,UG/M3,1 Hr,Valid
Jakarta Central,PM2.5 - Principal,2022-11-16 10:00 PM,2022,11,16,22,19.1,66,Moderate,25.0,UG/M3,1 Hr,Valid
Jakarta Central,PM2.5 - Principal,2022-11-16 11:00 PM,2022,11,16,23,19.0,66,Moderate,19.0,UG/M3,1 Hr,Valid
Jakarta Central,PM2.5 - Principal,2022-11-17 12:00 AM,2022,11,17,00,25.0,78,Moderate,31.0,UG/M3,1 Hr,Valid
Jakarta Central,PM2.5 - Principal,2022-11-17 01:00 AM,2022,11,17,01,28.0,84,Moderate,31.0,UG/M3,1 Hr,Valid
Jakarta Central,PM2.5 - Principal,2022-11-17 02:00 AM,2022,11,17,02,47.5,131,Unhealthy for Sensitive Groups,67.0,UG/M3,1 Hr,Valid
Jakarta Central,PM2.5 - Principal,2022-11-17 03:00 AM,2022,11,17,03,42.2,117,Unhealthy for Sensitive Groups,37.0,UG/M3,1 Hr,Valid
Jakarta Central,PM2.5 - Principal,2022-11-17 04:00 AM,2022,11,17,04,27.1,83,Moderate,12.0,UG/M3,1 Hr,Valid
Jakarta Central,PM2.5 - Principal,2022-11-17 05:00 AM,2022,11,17,05,19.0,66,Moderate,11.0,UG/M3,1 Hr,Valid
Jakarta Central,PM2.5 - Principal,2022-11-17 06:00 AM,2022,11,17,06,14.0,55,Moderate,9.0,UG/M3,1 Hr,Valid
Jakarta Central,PM2.5 - Principal,2022-11-17 07:00 AM,2022,11,17,07,15.5,58,Moderate,17.0,UG/M3,1 Hr,Valid
Jakarta Central,PM2.5 - Principal,2022-11-17 08:00 AM,2022,11,17,08,12.7,52,Moderate,10.0,UG/M3,1 Hr,Valid
Jakarta Central,PM2.5 - Principal,2022-11-17 09:00 AM,2022,11,17,09,14.8,57,Moderate,17.0,UG/M3,1 Hr,Valid
Jakarta Central,PM2.5 - Principal,2022-11-17 10:00 AM,2022,11,17,10,15.9,59,Moderate,17.0,UG/M3,1 Hr,Valid
Jakarta Central,PM2.5 - Principal,2022-11-17 11:00 AM,2022,11,17,11,10.4,43,Good,5.0,UG/M3,1 Hr,Valid
Jakarta Central,PM2.5 - Principal,2022-11-17 12:00 PM,2022,11,17,12,9.7,40,Good,9.0,UG/M3,1 Hr,Valid
Jakarta Central,PM2.5 - Principal,2022-11-17 01:00 PM,2022,11,17,13,10.8,45,Good,12.0,UG/M3,1 Hr,Valid
Jakarta Central,PM2.5 - Principal,2022-11-17 02:00 PM,2022,11,17,14,11.9,50,Good,13.0,UG/M3,1 Hr,Valid
Jakarta Central,PM2.5 - Principal,2022-11-17 03:00 PM,2022,11,17,15,12.9,53,Moderate,14.0,UG/M3,1 Hr,Valid
Jakarta Central,PM2.5 - Principal,2022-11-17 04:00 PM,2022,11,17,16,13.4,54,Moderate,14.0,UG/M3,1 Hr,Valid
Jakarta Central,PM2.5 - Principal,2022-11-17 05:00 PM,2022,11,17,17,17.7,63,Moderate,22.0,UG/M3,1 Hr,Valid
Jakarta Central,PM2.5 - Principal,2022-11-17 06:00 PM,2022,11,17,18,18.8,65,Moderate,20.0,UG/M3,1 Hr,Valid
Jakarta Central,PM2.5 - Principal,2022-11-17 07:00 PM,2022,11,17,19,19.4,66,Moderate,20.0,UG/M3,1 Hr,Valid
Jakarta Central,PM2.5 - Principal,2022-11-17 08:00 PM,2022,11,17,20,18.7,65,Moderate,18.0,UG/M3,1 Hr,Valid
Jakarta Central,PM2.5 - Principal,2022-11-17 09:00 PM,2022,11,17,21,14.3,56,Moderate,10.0,UG/M3,1 Hr,Valid
Jakarta Central,PM2.5 - Principal,2022-11-17 10:00 PM,2022,11,17,22,12.1,51,Moderate,10.0,UG/M3,1 Hr,Valid
Jakarta Central,PM2.5 - Principal,2022-11-17 11:00 PM,2022,11,17,23,10.0,42,Good,8.0,UG/M3,1 Hr,Valid
Jakarta Central,PM2.5 - Principal,2022-11-18 12:00 AM,2022,11,18,00,9.0,38,Good,8.0,UG/M3,1 Hr,Valid
Jakarta Central,PM2.5 - Principal,2022-11-18 01:00 AM,2022,11,18,01,9.5,40,Good,10.0,UG/M3,1 Hr,Valid
Jakarta Central,PM2.5 - Principal,2022-11-18 02:00 AM,2022,11,18,02,11.7,49,Good,14.0,UG/M3,1 Hr,Valid
Jakarta Central,PM2.5 - Principal,2022-11-18 03:00 AM,2022,11,18,03,10.8,45,Good,10.0,UG/M3,1 Hr,Valid
Jakarta Central,PM2.5 - Principal,2022-11-18 04:00 AM,2022,11,18,04,8.9,37,Good,7.0,UG/M3,1 Hr,Valid
Jakarta Central,PM2.5 - Principal,2022-11-18 05:00 AM,2022,11,18,05,6.9,29,Good,5.0,UG/M3,1 Hr,Valid
Jakarta Central,PM2.5 - Principal,2022-11-18 06:00 AM,2022,11,18,06,9.4,39,Good,12.0,UG/M3,1 Hr,Valid
Jakarta Central,PM2.5 - Principal,2022-11-18 07:00 AM,2022,11,18,07,10.2,43,Good,11.0,UG/M3,1 Hr,Valid
Jakarta Central,PM2.5 - Principal,2022-11-18 08:00 AM,2022,11,18,08,11.1,46,Good,12.0,UG/M3,1 Hr,Valid
Jakarta Central,PM2.5 - Principal,2022-11-18 09:00 AM,2022,11,18,09,11.0,46,Good,11.0,UG/M3,1 Hr,Valid
Jakarta Central,PM2.5 - Principal,2022-11-18 10:00 AM,2022,11,18,10,13.0,53,Moderate,15.0,UG/M3,1 Hr,Valid
Jakarta Central,PM2.5 - Principal,2022-11-18 11:00 AM,2022,11,18,11,13.0,53,Moderate,13.0,UG/M3,1 Hr,Valid
Jakarta Central,PM2.5 - Principal,2022-11-18 12:00 PM,2022,11,18,12,18.0,63,Moderate,23.0,UG/M3,1 Hr,Valid
Jakarta Central,PM2.5 - Principal,2022-11-18 01:00 PM,2022,11,18,13,14.5,56,Moderate,11.0,UG/M3,1 Hr,Valid
Jakarta Central,PM2.5 - Principal,2022-11-18 02:00 PM,2022,11,18,14,18.2,64,Moderate,22.0,UG/M3,1 Hr,Valid
Jakarta Central,PM2.5 - Principal,2022-11-18 03:00 PM,2022,11,18,15,23.1,74,Moderate,28.0,UG/M3,1 Hr,Valid
Jakarta Central,PM2.5 - Principal,2022-11-18 04:00 PM,2022,11,18,16,25.0,78,Moderate,27.0,UG/M3,1 Hr,Valid
Jakarta Central,PM2.5 - Principal,2022-11-18 05:00 PM,2022,11,18,17,18.5,64,Moderate,12.0,UG/M3,1 Hr,Valid
Jakarta Central,PM2.5 - Principal,2022-11-18 06:00 PM,2022,11,18,18,14.2,55,Moderate,10.0,UG/M3,1 Hr,Valid
Jakarta Central,PM2.5 - Principal,2022-11-18 07:00 PM,2022,11,18,19,11.1,46,Good,8.0,UG/M3,1 Hr,Valid
Jakarta Central,PM2.5 - Principal,2022-11-18 08:00 PM,2022,11,18,20,10.0,42,Good,9.0,UG/M3,1 Hr,Valid
Jakarta Central,PM2.5 - Principal,2022-11-18 09:00 PM,2022,11,18,21,9.5,40,Good,9.0,UG/M3,1 Hr,Valid
Jakarta Central,PM2.5 - Principal,2022-11-18 10:00 PM,2022,11,18,22,10.7,45,Good,12.0,UG/M3,1 Hr,Valid
Jakarta Central,PM2.5 - Principal,2022-11-18 11:00 PM,2022,11,18,23,9.8,41,Good,9.0,UG/M3,1 Hr,Valid
Jakarta Central,PM2.5 - Principal,2022-11-19 12:00 AM,2022,11,19,00,10.9,45,Good,12.0,UG/M3,1 Hr,Valid
Jakarta Central,PM2.5 - Principal,2022-11-19 01:00 AM,2022,11,19,01,14.4,56,Moderate,18.0,UG/M3,1 Hr,Valid
Jakarta Central,PM2.5 - Principal,2022-11-19 02:00 AM,2022,11,19,02,13.7,54,Moderate,13.0,UG/M3,1 Hr,Valid
Jakarta Central,PM2.5 - Principal,2022-11-19 03:00 AM,2022,11,19,03,11.8,49,Good,10.0,UG/M3,1 Hr,Valid
Jakarta Central,PM2.5 - Principal,2022-11-19 04:00 AM,2022,11,19,04,14.4,56,Moderate,17.0,UG/M3,1 Hr,Valid
Jakarta Central,PM2.5 - Principal,2022-11-19 05:00 AM,2022,11,19,05,16.7,61,Moderate,19.0,UG/M3,1 Hr,Valid
Jakarta Central,PM2.5 - Principal,2022-11-19 06:00 AM,2022,11,19,06,21.3,70,Moderate,26.0,UG/M3,1 Hr,Valid
Jakarta Central,PM2.5 - Principal,2022-11-19 07:00 AM,2022,11,19,07,21.6,71,Moderate,22.0,UG/M3,1 Hr,Valid
Jakarta Central,PM2.5 - Principal,2022-11-19 08:00 AM,2022,11,19,08,22.8,74,Moderate,24.0,UG/M3,1 Hr,Valid
Jakarta Central,PM2.5 - Principal,2022-11-19 09:00 AM,2022,11,19,09,26.4,81,Moderate,30.0,UG/M3,1 Hr,Valid
Jakarta Central,PM2.5 - Principal,2022-11-19 10:00 AM,2022,11,19,10,26.2,81,Moderate,26.0,UG/M3,1 Hr,Valid
Jakarta Central,PM2.5 - Principal,2022-11-19 11:00 AM,2022,11,19,11,30.6,90,Moderate,35.0,UG/M3,1 Hr,Valid
Jakarta Central,PM2.5 - Principal,2022-11-19 12:00 PM,2022,11,19,12,31.8,92,Moderate,33.0,UG/M3,1 Hr,Valid
Jakarta Central,PM2.5 - Principal,2022-11-19 01:00 PM,2022,11,19,13,28.4,85,Moderate,25.0,UG/M3,1 Hr,Valid
Jakarta Central,PM2.5 - Principal,2022-11-19 02:00 PM,2022,11,19,14,19.2,66,Moderate,10.0,UG/M3,1 Hr,Valid
Jakarta Central,PM2.5 - Principal,2022-11-19 03:00 PM,2022,11,19,15,15.6,58,Moderate,12.0,UG/M3,1 Hr,Valid
Jakarta Central,PM2.5 - Principal,2022-11-19 04:00 PM,2022,11,19,16,16.3,60,Moderate,17.0,UG/M3,1 Hr,Valid
Jakarta Central,PM2.5 - Principal,2022-11-19 05:00 PM,2022,11,19,17,16.6,60,Moderate,17.0,UG/M3,1 Hr,Valid
Jakarta Central,PM2.5 - Principal,2022-11-19 06:00 PM,2022,11,19,18,12.8,52,Moderate,9.0,UG/M3,1 Hr,Valid
Jakarta Central,PM2.5 - Principal,2022-11-19 07:00 PM,2022,11,19,19,11.9,50,Good,11.0,UG/M3,1 Hr,Valid
Jakarta Central,PM2.5 - Principal,2022-11-19 08:00 PM,2022,11,19,20,10.4,43,Good,9.0,UG/M3,1 Hr,Valid
Jakarta Central,PM2.5 - Principal,2022-11-19 09:00 PM,2022,11,19,21,10.2,43,Good,10.0,UG/M3,1 Hr,Valid
Jakarta Central,PM2.5 - Principal,2022-11-19 10:00 PM,2022,11,19,22,9.6,40,Good,9.0,UG/M3,1 Hr,Valid
Jakarta Central,PM2.5 - Principal,2022-11-19 11:00 PM,2022,11,19,23,9.3,39,Good,9.0,UG/M3,1 Hr,Valid
Jakarta Central,PM2.5 - Principal,2022-11-20 12:00 AM,2022,11,20,00,8.1,34,Good,7.0,UG/M3,1 Hr,Valid
Jakarta Central,PM2.5 - Principal,2022-11-20 01:00 AM,2022,11,20,01,7.0,29,Good,6.0,UG/M3,1 Hr,Valid
Jakarta Central,PM2.5 - Principal,2022-11-20 02:00 AM,2022,11,20,02,8.0,33,Good,9.0,UG/M3,1 Hr,Valid
Jakarta Central,PM2.5 - Principal,2022-11-20 03:00 AM,2022,11,20,03,8.0,33,Good,8.0,UG/M3,1 Hr,Valid
Jakarta Central,PM2.5 - Principal,2022-11-20 04:00 AM,2022,11,20,04,7.0,29,Good,6.0,UG/M3,1 Hr,Valid
Jakarta Central,PM2.5 - Principal,2022-11-20 05:00 AM,2022,11,20,05,6.0,25,Good,5.0,UG/M3,1 Hr,Valid
Jakarta Central,PM2.5 - Principal,2022-11-20 06:00 AM,2022,11,20,06,6.0,25,Good,6.0,UG/M3,1 Hr,Valid
Jakarta Central,PM2.5 - Principal,2022-11-20 07:00 AM,2022,11,20,07,7.0,29,Good,8.0,UG/M3,1 Hr,Valid
Jakarta Central,PM2.5 - Principal,2022-11-20 08:00 AM,2022,11,20,08,8.0,33,Good,9.0,UG/M3,1 Hr,Valid
Jakarta Central,PM2.5 - Principal,2022-11-20 09:00 AM,2022,11,20,09,8.3,35,Good,9.0,UG/M3,1 Hr,Valid
Jakarta Central,PM2.5 - Principal,2022-11-20 10:00 AM,2022,11,20,10,8.2,34,Good,8.0,UG/M3,1 Hr,Valid
Jakarta Central,PM2.5 - Principal,2022-11-20 11:00 AM,2022,11,20,11,6.1,25,Good,4.0,UG/M3,1 Hr,Valid
Jakarta Central,PM2.5 - Principal,2022-11-20 12:00 PM,2022,11,20,12,4.0,17,Good,2.0,UG/M3,1 Hr,Valid
Jakarta Central,PM2.5 - Principal,2022-11-20 01:00 PM,2022,11,20,13,3.5,15,Good,3.0,UG/M3,1 Hr,Valid
Jakarta Central,PM2.5 - Principal,2022-11-20 02:00 PM,2022,11,20,14,4.7,20,Good,6.0,UG/M3,1 Hr,Valid
Jakarta Central,PM2.5 - Principal,2022-11-20 03:00 PM,2022,11,20,15,4.3,18,Good,4.0,UG/M3,1 Hr,Valid
Jakarta Central,PM2.5 - Principal,2022-11-20 04:00 PM,2022,11,20,16,3.6,15,Good,3.0,UG/M3,1 Hr,Valid
Jakarta Central,PM2.5 - Principal,2022-11-20 05:00 PM,2022,11,20,17,4.8,20,Good,6.0,UG/M3,1 Hr,Valid
Jakarta Central,PM2.5 - Principal,2022-11-20 06:00 PM,2022,11,20,18,6.4,27,Good,8.0,UG/M3,1 Hr,Valid
Jakarta Central,PM2.5 - Principal,2022-11-20 07:00 PM,2022,11,20,19,10.2,43,Good,14.0,UG/M3,1 Hr,Valid
Jakarta Central,PM2.5 - Principal,2022-11-20 08:00 PM,2022,11,20,20,12.1,51,Moderate,14.0,UG/M3,1 Hr,Valid
Jakarta Central,PM2.5 - Principal,2022-11-20 09:00 PM,2022,11,20,21,12.0,50,Good,12.0,UG/M3,1 Hr,Valid
Jakarta Central,PM2.5 - Principal,2022-11-20 10:00 PM,2022,11,20,22,14.5,56,Moderate,17.0,UG/M3,1 Hr,Valid
Jakarta Central,PM2.5 - Principal,2022-11-20 11:00 PM,2022,11,20,23,13.7,54,Moderate,13.0,UG/M3,1 Hr,Valid
Jakarta Central,PM2.5 - Principal,2022-11-21 12:00 AM,2022,11,21,00,12.8,52,Moderate,12.0,UG/M3,1 Hr,Valid
Jakarta Central,PM2.5 - Principal,2022-11-21 01:00 AM,2022,11,21,01,10.9,45,Good,9.0,UG/M3,1 Hr,Valid
Jakarta Central,PM2.5 - Principal,2022-11-21 02:00 AM,2022,11,21,02,9.9,41,Good,9.0,UG/M3,1 Hr,Valid
Jakarta Central,PM2.5 - Principal,2022-11-21 03:00 AM,2022,11,21,03,15.4,58,Moderate,21.0,UG/M3,1 Hr,Valid
Jakarta Central,PM2.5 - Principal,2022-11-21 04:00 AM,2022,11,21,04,16.7,61,Moderate,18.0,UG/M3,1 Hr,Valid
Jakarta Central,PM2.5 - Principal,2022-11-21 05:00 AM,2022,11,21,05,15.8,59,Moderate,15.0,UG/M3,1 Hr,Valid
Jakarta Central,PM2.5 - Principal,2022-11-21 06:00 AM,2022,11,21,06,14.4,56,Moderate,13.0,UG/M3,1 Hr,Valid
Jakarta Central,PM2.5 - Principal,2022-11-21 07:00 AM,2022,11,21,07,13.2,53,Moderate,12.0,UG/M3,1 Hr,Valid
Jakarta Central,PM2.5 - Principal,2022-11-21 08:00 AM,2022,11,21,08,13.1,53,Moderate,13.0,UG/M3,1 Hr,Valid
Jakarta Central,PM2.5 - Principal,2022-11-21 09:00 AM,2022,11,21,09,13.5,54,Moderate,14.0,UG/M3,1 Hr,Valid
Jakarta Central,PM2.5 - Principal,2022-11-21 10:00 AM,2022,11,21,10,16.2,60,Moderate,19.0,UG/M3,1 Hr,Valid
Jakarta Central,PM2.5 - Principal,2022-11-21 11:00 AM,2022,11,21,11,12.1,51,Moderate,8.0,UG/M3,1 Hr,Valid
Jakarta Central,PM2.5 - Principal,2022-11-21 12:00 PM,2022,11,21,12,10.5,44,Good,9.0,UG/M3,1 Hr,Valid
Jakarta Central,PM2.5 - Principal,2022-11-21 01:00 PM,2022,11,21,13,9.7,40,Good,9.0,UG/M3,1 Hr,Valid
Jakarta Central,PM2.5 - Principal,2022-11-21 02:00 PM,2022,11,21,14,11.8,49,Good,14.0,UG/M3,1 Hr,Valid
Jakarta Central,PM2.5 - Principal,2022-11-21 03:00 PM,2022,11,21,15,11.4,48,Good,11.0,UG/M3,1 Hr,Valid
Jakarta Central,PM2.5 - Principal,2022-11-21 04:00 PM,2022,11,21,16,9.2,38,Good,7.0,UG/M3,1 Hr,Valid
Jakarta Central,PM2.5 - Principal,2022-11-21 05:00 PM,2022,11,21,17,10.1,42,Good,11.0,UG/M3,1 Hr,Valid
Jakarta Central,PM2.5 - Principal,2022-11-21 06:00 PM,2022,11,21,18,12.0,50,Good,14.0,UG/M3,1 Hr,Valid
Jakarta Central,PM2.5 - Principal,2022-11-21 07:00 PM,2022,11,21,19,13.0,53,Moderate,14.0,UG/M3,1 Hr,Valid
Jakarta Central,PM2.5 - Principal,2022-11-21 08:00 PM,2022,11,21,20,13.0,53,Moderate,13.0,UG/M3,1 Hr,Valid
Jakarta Central,PM2.5 - Principal,2022-11-21 09:00 PM,2022,11,21,21,12.0,50,Good,11.0,UG/M3,1 Hr,Valid
Jakarta Central,PM2.5 - Principal,2022-11-21 10:00 PM,2022,11,21,22,11.5,48,Good,11.0,UG/M3,1 Hr,Valid
Jakarta Central,PM2.5 - Principal,2022-11-21 11:00 PM,2022,11,21,23,10.2,43,Good,9.0,UG/M3,1 Hr,Valid
Jakarta Central,PM2.5 - Principal,2022-11-22 12:00 AM,2022,11,22,00,7.6,32,Good,5.0,UG/M3,1 Hr,Valid
Jakarta Central,PM2.5 - Principal,2022-11-22 01:00 AM,2022,11,22,01,6.3,26,Good,5.0,UG/M3,1 Hr,Valid
Jakarta Central,PM2.5 - Principal,2022-11-22 02:00 AM,2022,11,22,02,7.1,30,Good,8.0,UG/M3,1 Hr,Valid
Jakarta Central,PM2.5 - Principal,2022-11-22 03:00 AM,2022,11,22,03,8.5,35,Good,10.0,UG/M3,1 Hr,Valid
Jakarta Central,PM2.5 - Principal,2022-11-22 04:00 AM,2022,11,22,04,8.7,36,Good,9.0,UG/M3,1 Hr,Valid
Jakarta Central,PM2.5 - Principal,2022-11-22 05:00 AM,2022,11,22,05,8.3,35,Good,8.0,UG/M3,1 Hr,Valid
Jakarta Central,PM2.5 - Principal,2022-11-22 06:00 AM,2022,11,22,06,9.6,40,Good,11.0,UG/M3,1 Hr,Valid
Jakarta Central,PM2.5 - Principal,2022-11-22 07:00 AM,2022,11,22,07,13.8,55,Moderate,18.0,UG/M3,1 Hr,Valid
Jakarta Central,PM2.5 - Principal,2022-11-22 08:00 AM,2022,11,22,08,12.4,52,Moderate,11.0,UG/M3,1 Hr,Valid
Jakarta Central,PM2.5 - Principal,2022-11-22 09:00 AM,2022,11,22,09,17.7,63,Moderate,23.0,UG/M3,1 Hr,Valid
Jakarta Central,PM2.5 - Principal,2022-11-22 10:00 AM,2022,11,22,10,13.3,54,Moderate,9.0,UG/M3,1 Hr,Valid
Jakarta Central,PM2.5 - Principal,2022-11-22 11:00 AM,2022,11,22,11,11.1,46,Good,9.0,UG/M3,1 Hr,Valid
Jakarta Central,PM2.5 - Principal,2022-11-22 12:00 PM,2022,11,22,12,9.5,40,Good,8.0,UG/M3,1 Hr,Valid
Jakarta Central,PM2.5 - Principal,2022-11-22 01:00 PM,2022,11,22,13,8.7,36,Good,8.0,UG/M3,1 Hr,Valid
Jakarta Central,PM2.5 - Principal,2022-11-22 02:00 PM,2022,11,22,14,7.8,33,Good,7.0,UG/M3,1 Hr,Valid
Jakarta Central,PM2.5 - Principal,2022-11-22 03:00 PM,2022,11,22,15,6.4,27,Good,5.0,UG/M3,1 Hr,Valid
Jakarta Central,PM2.5 - Principal,2022-11-22 04:00 PM,2022,11,22,16,6.2,26,Good,6.0,UG/M3,1 Hr,Valid
Jakarta Central,PM2.5 - Principal,2022-11-22 05:00 PM,2022,11,22,17,6.6,28,Good,7.0,UG/M3,1 Hr,Valid
Jakarta Central,PM2.5 - Principal,2022-11-22 06:00 PM,2022,11,22,18,7.3,30,Good,8.0,UG/M3,1 Hr,Valid
Jakarta Central,PM2.5 - Principal,2022-11-22 07:00 PM,2022,11,22,19,8.1,34,Good,9.0,UG/M3,1 Hr,Valid
Jakarta Central,PM2.5 - Principal,2022-11-22 08:00 PM,2022,11,22,20,12.0,50,Good,16.0,UG/M3,1 Hr,Valid
Jakarta Central,PM2.5 - Principal,2022-11-22 09:00 PM,2022,11,22,21,12.0,50,Good,12.0,UG/M3,1 Hr,Valid
Jakarta Central,PM2.5 - Principal,2022-11-22 10:00 PM,2022,11,22,22,13.0,53,Moderate,14.0,UG/M3,1 Hr,Valid
Jakarta Central,PM2.5 - Principal,2022-11-22 11:00 PM,2022,11,22,23,13.0,53,Moderate,13.0,UG/M3,1 Hr,Valid
Jakarta Central,PM2.5 - Principal,2022-11-23 12:00 AM,2022,11,23,00,12.0,50,Good,11.0,UG/M3,1 Hr,Valid
Jakarta Central,PM2.5 - Principal,2022-11-23 01:00 AM,2022,11,23,01,13.5,54,Moderate,15.0,UG/M3,1 Hr,Valid
Jakarta Central,PM2.5 - Principal,2022-11-23 02:00 AM,2022,11,23,02,14.2,55,Moderate,15.0,UG/M3,1 Hr,Valid
Jakarta Central,PM2.5 - Principal,2022-11-23 03:00 AM,2022,11,23,03,14.6,56,Moderate,15.0,UG/M3,1 Hr,Valid
Jakarta Central,PM2.5 - Principal,2022-11-23 04:00 AM,2022,11,23,04,13.3,54,Moderate,12.0,UG/M3,1 Hr,Valid
Jakarta Central,PM2.5 - Principal,2022-11-23 05:00 AM,2022,11,23,05,11.6,48,Good,10.0,UG/M3,1 Hr,Valid
Jakarta Central,PM2.5 - Principal,2022-11-23 06:00 AM,2022,11,23,06,10.6,44,Good,9.0,UG/M3,1 Hr,Valid
Jakarta Central,PM2.5 - Principal,2022-11-23 07:00 AM,2022,11,23,07,12.1,51,Moderate,14.0,UG/M3,1 Hr,Valid
Jakarta Central,PM2.5 - Principal,2022-11-23 08:00 AM,2022,11,23,08,14.4,56,Moderate,17.0,UG/M3,1 Hr,Valid
Jakarta Central,PM2.5 - Principal,2022-11-23 09:00 AM,2022,11,23,09,17.7,63,Moderate,21.0,UG/M3,1 Hr,Valid
Jakarta Central,PM2.5 - Principal,2022-11-23 10:00 AM,2022,11,23,10,18.8,65,Moderate,20.0,UG/M3,1 Hr,Valid
Jakarta Central,PM2.5 - Principal,2022-11-23 11:00 AM,2022,11,23,11,22.4,73,Moderate,26.0,UG/M3,1 Hr,Valid
Jakarta Central,PM2.5 - Principal,2022-11-23 12:00 PM,2022,11,23,12,24.2,76,Moderate,26.0,UG/M3,1 Hr,Valid
Jakarta Central,PM2.5 - Principal,2022-11-23 01:00 PM,2022,11,23,13,27.1,83,Moderate,30.0,UG/M3,1 Hr,Valid
Jakarta Central,PM2.5 - Principal,2022-11-23 02:00 PM,2022,11,23,14,21.5,71,Moderate,16.0,UG/M3,1 Hr,Valid
Jakarta Central,PM2.5 - Principal,2022-11-23 03:00 PM,2022,11,23,15,17.2,62,Moderate,13.0,UG/M3,1 Hr,Valid
Jakarta Central,PM2.5 - Principal,2022-11-23 04:00 PM,2022,11,23,16,20.6,69,Moderate,24.0,UG/M3,1 Hr,Valid
Jakarta Central,PM2.5 - Principal,2022-11-23 05:00 PM,2022,11,23,17,25.3,79,Moderate,30.0,UG/M3,1 Hr,Valid
Jakarta Central,PM2.5 - Principal,2022-11-23 06:00 PM,2022,11,23,18,24.6,77,Moderate,24.0,UG/M3,1 Hr,Valid
Jakarta Central,PM2.5 - Principal,2022-11-23 07:00 PM,2022,11,23,19,22.3,72,Moderate,20.0,UG/M3,1 Hr,Valid
Jakarta Central,PM2.5 - Principal,2022-11-23 08:00 PM,2022,11,23,20,19.6,67,Moderate,17.0,UG/M3,1 Hr,Valid
Jakarta Central,PM2.5 - Principal,2022-11-23 09:00 PM,2022,11,23,21,17.3,62,Moderate,15.0,UG/M3,1 Hr,Valid
Jakarta Central,PM2.5 - Principal,2022-11-23 10:00 PM,2022,11,23,22,15.1,57,Moderate,13.0,UG/M3,1 Hr,Valid
Jakarta Central,PM2.5 - Principal,2022-11-23 11:00 PM,2022,11,23,23,14.0,55,Moderate,13.0,UG/M3,1 Hr,Valid
Jakarta Central,PM2.5 - Principal,2022-11-24 12:00 AM,2022,11,24,00,12.0,50,Good,10.0,UG/M3,1 Hr,Valid
Jakarta Central,PM2.5 - Principal,2022-11-24 01:00 AM,2022,11,24,01,14.0,55,Moderate,16.0,UG/M3,1 Hr,Valid
Jakarta Central,PM2.5 - Principal,2022-11-24 02:00 AM,2022,11,24,02,15.0,57,Moderate,16.0,UG/M3,1 Hr,Valid
Jakarta Central,PM2.5 - Principal,2022-11-24 03:00 AM,2022,11,24,03,10.5,44,Good,6.0,UG/M3,1 Hr,Valid
Jakarta Central,PM2.5 - Principal,2022-11-24 04:00 AM,2022,11,24,04,8.7,36,Good,7.0,UG/M3,1 Hr,Valid
Jakarta Central,PM2.5 - Principal,2022-11-24 05:00 AM,2022,11,24,05,6.8,28,Good,5.0,UG/M3,1 Hr,Valid
Jakarta Central,PM2.5 - Principal,2022-11-24 06:00 AM,2022,11,24,06,6.4,27,Good,6.0,UG/M3,1 Hr,Valid
Jakarta Central,PM2.5 - Principal,2022-11-24 07:00 AM,2022,11,24,07,9.7,40,Good,13.0,UG/M3,1 Hr,Valid
Jakarta Central,PM2.5 - Principal,2022-11-24 08:00 AM,2022,11,24,08,15.3,58,Moderate,21.0,UG/M3,1 Hr,Valid
Jakarta Central,PM2.5 - Principal,2022-11-24 09:00 AM,2022,11,24,09,19.6,67,Moderate,24.0,UG/M3,1 Hr,Valid
Jakarta Central,PM2.5 - Principal,2022-11-24 10:00 AM,2022,11,24,10,22.3,72,Moderate,25.0,UG/M3,1 Hr,Valid
Jakarta Central,PM2.5 - Principal,2022-11-24 11:00 AM,2022,11,24,11,21.1,70,Moderate,20.0,UG/M3,1 Hr,Valid
Jakarta Central,PM2.5 - Principal,2022-11-24 12:00 PM,2022,11,24,12,20.5,69,Moderate,20.0,UG/M3,1 Hr,Valid
Jakarta Central,PM2.5 - Principal,2022-11-24 01:00 PM,2022,11,24,13,14.2,55,Moderate,8.0,UG/M3,1 Hr,Valid
Jakarta Central,PM2.5 - Principal,2022-11-24 02:00 PM,2022,11,24,14,10.1,42,Good,6.0,UG/M3,1 Hr,Valid
Jakarta Central,PM2.5 - Principal,2022-11-24 03:00 PM,2022,11,24,15,7.5,31,Good,5.0,UG/M3,1 Hr,Valid
Jakarta Central,PM2.5 - Principal,2022-11-24 04:00 PM,2022,11,24,16,7.7,32,Good,8.0,UG/M3,1 Hr,Valid
Jakarta Central,PM2.5 - Principal,2022-11-24 05:00 PM,2022,11,24,17,11.8,49,Good,16.0,UG/M3,1 Hr,Valid
Jakarta Central,PM2.5 - Principal,2022-11-24 06:00 PM,2022,11,24,18,10.9,45,Good,10.0,UG/M3,1 Hr,Valid
Jakarta Central,PM2.5 - Principal,2022-11-24 07:00 PM,2022,11,24,19,13.9,55,Moderate,17.0,UG/M3,1 Hr,Valid
Jakarta Central,PM2.5 - Principal,2022-11-24 08:00 PM,2022,11,24,20,15.9,59,Moderate,18.0,UG/M3,1 Hr,Valid
Jakarta Central,PM2.5 - Principal,2022-11-24 09:00 PM,2022,11,24,21,18.4,64,Moderate,21.0,UG/M3,1 Hr,Valid
Jakarta Central,PM2.5 - Principal,2022-11-24 10:00 PM,2022,11,24,22,20.2,68,Moderate,22.0,UG/M3,1 Hr,Valid
Jakarta Central,PM2.5 - Principal,2022-11-24 11:00 PM,2022,11,24,23,20.6,69,Moderate,21.0,UG/M3,1 Hr,Valid
Jakarta Central,PM2.5 - Principal,2022-11-25 12:00 AM,2022,11,25,00,21.8,71,Moderate,23.0,UG/M3,1 Hr,Valid
